{
    "start_time_string": "Wed Jun 13 21:41:07 2018",
    "no_unique_icao": 126755,
    "valid_preambles": 17008832493,
    "not_valid_crc": 16943067497,
    "max_lon": 179.01123046875,
    "latest_start_time": 1742973043.524873,
    "df_26": 156,
    "df_27": 86,
    "df_24": 251,
    "df_25": 170,
    "df_22": 140,
    "df_23": 93,
    "df_20": 37312255,
    "df_21": 22044780,
    "df_28": 160,
    "df_29": 123,
    "flights": 7727965,
    "df_total": 181029374,
    "valid_crc": 65662765,
    "min_lat": -91.29606085308527,
    "start_time": 1528918867.58705,
    "max_lat": 264.8516949152542,
    "df_17": 40047181,
    "latest_start_time_string": "Wed Mar 26 08:10:43 2025",
    "spots_version": "2.3.11",
    "df_13": 8772,
    "df_12": 3942,
    "df_11": 25563549,
    "df_10": 27470,
    "df_31": 67,
    "df_30": 150,
    "df_15": 3485,
    "df_14": 1062,
    "df_19": 158,
    "df_18": 48667,
    "df_7": 8402,
    "df_6": 19899,
    "df_5": 25162539,
    "df_4": 29585508,
    "df_3": 35200,
    "df_2": 87427,
    "df_1": 0,
    "df_0": 0,
    "min_lon": -329.1888427734375,
    "df_16": 1040021,
    "df_9": 11731,
    "df_8": 15931
}